,question,answer
0,ᠭᠠᠷ ᠤᠲᠠᠰᠤ ᠴᠢᠨᠢ ᠰᠦᠢᠷᠡᠴᠢᠬᠡᠪᠡ ᠦᠦ ︖,ᠡᠨᠡ ᠭᠠᠷ ᠤᠲᠠᠰᠤ ᠠᠮᠠᠷᠬᠠᠨ ᠰᠦᠢᠷᠡᠨ᠎ᠡ ᠃ 
1,ᠪᠢᠳᠡ ᠶᠠᠭᠤᠨ ᠤ ᠤᠴᠢᠷ ᠠᠴᠠ ᠠᠮᠢᠳᠤᠷᠠᠵᠤ ᠪᠠᠢᠬᠤ ᠪᠤᠶ ?,ᠠᠮᠢᠳᠤᠷᠠᠯ ᠪᠤᠯ ᠵᠢᠷᠠᠭᠠᠯ ᠃
2,ᠪᠦᠯᠦ ᠠᠬ᠎ᠠ ᠱᠧᠨᠶᠠᠩ ᠳᠤ ᠪᠠᠢ᠌ᠭᠰᠠᠭᠠᠷ ᠤᠤ?,ᠲᠡᠢᠮᠦ ᠡ᠂ᠦᠷᠬᠦᠯᠵᠢ ᠡᠨᠳᠡ ᠪᠠᠢᠳᠠᠭ᠃
3,ᠴᠢ ᠬᠠᠷᠢᠵᠤ ᠢᠷᠡᠬᠦ ᠭᠡᠵᠤ ᠪᠠᠢᠨ᠎ᠠ ᠦᠦ?,ᠲᠡᠶᠢᠮᠦ᠃ ᠬᠠᠷᠢᠵᠤ ᠢᠷᠡᠭᠡᠳ ᠬᠡᠳᠦᠨ ᠡᠳᠦᠷ ᠰᠠᠭᠤᠬᠤ ᠭᠡᠵᠦ ᠪᠠᠢᠨ᠎ᠠ!
4,ᠲᠠᠨ ᠤ ᠳᠡᠯᠭᠡᠭᠦᠷ ᠲᠦ ᠲᠤᠰᠬᠠᠶᠢᠯᠠᠨ ᠥᠨᠳᠡᠭᠡ ᠲᠡᠶ ᠪᠣᠭᠣᠷᠰᠣᠭ ᠬᠢᠳᠡᠭ ᠦᠦ?,ᠪᠢᠳᠡ ᠭᠠᠭᠴᠠ ᠥᠨᠳᠡᠭᠡᠨ ᠪᠣᠭᠣᠷᠰᠣᠭ ᠬᠤᠳᠠᠯᠳᠤᠳᠠᠭ ᠂ ᠠᠮᠲᠠᠯᠠᠵᠤ ᠦᠵᠡ !
5,ᠪᠣᠷᠣᠭ᠎ᠠ ᠵᠣᠭᠰᠣᠴᠢᠬᠠᠪᠠ ᠤᠤ ? ᠬᠠᠷᠢᠬᠤ ᠥᠬᠡᠶ ᠦᠦ︖,ᠪᠤᠷᠤᠭᠠᠨ ᠵᠤᠭᠰᠤᠭᠠᠳ ᠨᠡᠯᠢᠶᠡᠳ ᠤᠳᠠᠴᠢᠬᠠᠭᠰᠠᠨ᠃
6,ᠠᠬ᠎ᠠ ᠠ ᠂ ᠲᠠ ᠪᠠᠰᠠ ᠵᠠᠮ ᠳᠠᠭᠠᠨ ᠪᠠᠶᠢᠭᠰᠠᠭᠠᠷ ᠤᠤ ?,ᠲᠠᠢᠮᠤ᠂ ᠵᠠᠮ ᠳᠡᠭᠡᠷ᠎ᠡ ᠪᠡᠨ ᠪᠠᠢᠨ᠎ᠠ᠂ ᠤᠳᠠᠬᠤ ᠦᠭᠡᠢ ᠬᠦᠷᠦᠨ᠎ᠡ
7,ᠶᠠᠰᠤᠨ ᠤ ᠬᠠᠳᠠᠭᠠᠰᠤ ᠶᠢ ᠴᠣᠬᠢᠬᠤ ᠳᠤ ᠶᠡᠬᠡ ᠡᠪᠡᠳᠦᠨ᠎ᠡ ᠦᠦ ?,ᠦᠭᠡᠢ᠂ ᠦᠨᠳᠦᠰᠦᠨ ᠳᠡᠭᠡᠨ ᠮᠡᠰᠡ ᠵᠠᠰᠠᠯ ᠤᠨ ᠳᠠᠷᠠᠭᠠᠬᠢ ᠲᠤᠰᠬᠠᠯ ᠪᠠᠶᠢᠬᠤ ᠦᠭᠡᠢ᠃
8,ᠱᠠᠩᠨᠠᠯ ᠤᠨ ᠮᠥᠩᠭᠥ ᠦᠭᠭᠦᠨ᠎ᠠ ᠦᠦ ?,ᠦᠭᠭᠦᠵᠤ ᠲᠡᠢᠯᠡᠬᠦ ᠦᠭᠡᠢ᠂ ᠪᠢᠳᠡᠨ ᠶᠠᠳᠠᠭᠤ ᠪᠠᠶᠢᠨ᠎ᠠ᠃
9,ᠦᠨᠡᠬᠡᠷ ᠬᠥᠮᠦᠨ ᠴᠢᠮ᠎ᠠ ᠳᠤ ᠢᠩᠭ᠍ᠢᠵᠦ ᠶᠠᠪᠤᠭᠤᠯᠪᠠᠯ ᠂ ᠴᠢ ᠶᠠᠮᠠᠷ ᠲᠤᠰᠬᠠᠯ ᠲᠠᠶ ᠪᠣᠯᠬᠤ ᠪᠤᠶ ?,ᠪᠠᠶᠠᠷᠯᠠᠨ᠎ᠠ᠂ ᠳᠠᠷᠠᠭ᠎ᠠ ᠨᠢ ᠲᠡᠷᠡ ᠪᠤᠷᠤᠭᠤ ᠬᠥᠮᠦᠨ ᠶᠠᠪᠤᠭᠤᠯᠤᠭᠰᠠᠨ ᠡᠰᠡᠬᠦ ᠶᠢ ᠰᠡᠵᠢᠭᠯᠡᠨ᠎ᠡ᠃
10,ᠴᠢ ᠭᠤᠤᠠᠩᠵᠧᠦ ᠳᠦ ᠦᠯᠡᠳᠡᠬᠦ ᠭᠡᠵᠦ ᠪᠠᠢᠨ᠎ᠠ ᠤᠤ ?,ᠭᠡᠨᠡᠳᠲᠡ ᠡᠶᠢᠮᠦ ᠪᠣᠳᠣᠯ ᠲᠠᠶ ᠪᠣᠯᠤᠭᠰᠠᠨ ᠲᠡᠳᠦᠢ᠃
11,ᠲᠠ ᠬᠤᠷᠢᠮ ᠬᠢᠨ᠎ᠡ ᠦᠦ?,ᠲᠦᠯᠦᠪᠯᠡᠵᠤ  ᠪᠠᠢᠨ᠎ᠠ᠃
12,ᠥᠨᠥᠳᠦᠷ ᠪᠡᠭᠡᠵᠢᠩ ᠳᠦ ᠪᠣᠬᠢᠷ ᠮᠠᠨᠠᠨ ᠥᠬᠡᠶ ᠦᠦ ︖,ᠲᠩᠷᠢ ᠮᠠᠰᠢ ᠰᠠᠶᠢᠨ ᠪᠠᠢᠨ᠎ᠠ᠃
13,ᠪᠠᠶᠢᠰᠢᠩ ᠢᠶᠠᠨ ᠡᠷᠢᠴᠢᠬᠡᠪᠡ ᠦᠦ ︖,ᠡᠩ ᠂ ᠶᠠᠭᠤᠮ᠎ᠠ ᠶᠢ ᠨᠢᠭᠡᠨᠲᠡ ᠵᠥᠭᠡᠭᠡᠵᠦ ᠠᠪᠠᠴᠢᠵᠠᠢ᠃
14,ᠣᠳᠣ ᠴᠢᠮᠠᠳᠤ ᠤᠯᠠᠭᠠᠨ ᠴᠢᠪᠠᠭ᠎ᠠ ᠬᠡᠷᠡᠭ ᠲᠡᠶ ᠦᠦ?,ᠨᠢᠭᠡ ᠬᠠᠶᠢᠷᠴᠠᠭ ᠢᠶᠠᠷ ᠪᠥᠭᠡᠮ ᠢᠶᠡᠷ ᠬᠤᠳᠠᠯᠳᠤᠵᠤ ᠠᠪᠤᠶ᠎ᠠ᠃
15,ᠴᠢ ᠬᠥᠮᠦᠨ ᠢ ᠮᠥᠷᠭᠥᠭᠡᠳ ᠮᠠᠨᠠᠷᠠᠭᠤᠯᠴᠢᠬᠠᠪᠠ ᠤᠤ?,ᠬᠦᠮᠦᠨ ᠤ ᠲᠣᠯᠣᠭᠠᠢ ᠶᠢ ᠬᠡᠷᠡᠷᠮ ᠲᠡᠭᠡᠷ᠎ᠡ ᠮᠥᠷᠭᠥᠪᠡ᠃
16,ᠨᠢᠰᠬᠡᠯ ᠳᠦ ᠰᠠᠭᠤᠬᠤ ᠦᠶ᠎ᠡ ᠳᠦ ᠲᠠ ᠨᠠᠷ ᠶᠠᠭᠠᠬᠢᠵᠤ ᠴᠠᠭ ᠨᠥᠭᠴᠢᠭᠡᠬᠦ ᠳᠤᠷᠠᠲᠠᠶ ᠪᠤᠶ?,ᠡᠭᠦᠯᠡ ᠶᠢ ᠦᠵᠡᠨ ᠠ᠂ ᠵᠢᠯᠣᠭᠣᠴᠢ ᠶᠢᠨ ᠥᠷᠥᠭᠡᠨ ᠦ ᠨᠢᠰᠬᠡᠭᠴᠢ ᠶᠠᠭᠤ ᠬᠢᠵᠦ ᠪᠠᠶᠢᠬᠤ ᠶᠢ ᠲᠥᠰᠦᠭᠡᠯᠡᠨ᠎ᠡ᠂ ᠵᠠᠬᠢᠷᠤᠭᠴᠢ ᠠᠴᠠ ᠲᠡᠳᠡᠨ ᠳᠦ ᠶᠠᠭᠤ ᠶᠠᠷᠢᠵᠤ ᠪᠠᠶᠢᠬᠤ ᠶᠢ ᠲᠥᠰᠦᠭᠡᠯᠡᠨ᠎ᠡ
17,ᠴᠢ ᠥᠨᠳᠥᠷ ᠦᠰᠦᠭᠡᠢ ᠲᠡᠶ ᠱᠠᠬᠠᠢ ᠡᠮᠦᠰᠬᠦ ᠶᠢ ᠮᠡᠳᠡᠬᠦ ᠰᠠᠨᠠᠭ᠎ᠠ ᠲᠠᠶ , ᠶᠡᠷᠦ ᠡᠴᠡ ᠡᠮᠦᠰᠴᠦ ᠥᠩᠭᠡᠷᠡᠭᠰᠡᠨ ᠦᠭᠡᠢ᠃
18,ᠬᠠᠪᠤᠷ ᠪᠠᠰᠠ ᠬᠣᠯᠠ ᠤᠤ ?,ᠡᠪᠦᠯ ᠮᠠᠰᠢ ᠤᠷᠲᠤ᠃
19,ᠲᠠ ᠨᠠᠷ ᠲᠤ ᠪᠠᠰᠠ ᠬᠣᠭᠣᠯᠠᠨ ᠭᠡᠷ ᠪᠤᠢ ᠤᠤ ?,ᠲᠠᠭᠠᠷᠠᠨ᠎ᠠ ᠂ ᠶᠠᠭᠤ ᠴᠤ ᠪᠠᠢᠨ᠎ᠠ᠃
20,ᠳ᠋ᠠᠴᠠᠩ ᠢ ᠳᠡᠯᠭᠡᠭᠦᠷ ᠲᠦ ᠰᠢᠨ᠎ᠡ ᠭᠠᠷᠭᠠᠭᠰᠠᠨ ᠤᠤ, ᠲᠡᠢᠮᠤ᠂ ᠴᠢ ᠨᠢᠭᠡ ᠠᠪᠬᠤ ᠤᠤ?
21,ᠴᠢ ᠶᠠᠭᠤ ᠬᠢᠵᠦ ᠪᠠᠶᠢᠬᠤ ᠪᠣᠢ︖,ᠪᠢ ᠪᠠᠰᠠ ᠥᠪᠡᠷ ᠦᠨ ᠶᠠᠭᠤ ᠬᠢᠵᠦ ᠪᠠᠶᠢᠬᠤ ᠪᠠᠨ ᠮᠡᠳᠡᠬᠦ ᠦᠭᠡᠢ᠃
22,ᠭᠡᠵᠢᠭᠡ ᠪᠡᠨ ᠪᠤᠳᠤᠴᠢᠬᠠᠪᠠ ᠤᠤ︖,ᠠᠯᠢ ᠡᠷᠲᠡ ᠪᠤᠳᠤᠭᠠᠳ ᠪᠦᠷ ᠤᠷᠭᠤᠴᠢᠬᠠᠵᠠᠢ᠃
23,ᠲᠠ ᠨᠠᠷ ᠦᠨᠡᠬᠡᠷ ᠣᠷᠣᠢ ᠳᠠᠭᠠᠨ ᠬᠣᠭᠣᠯᠠ ᠢᠳᠡᠬᠦ ᠦᠭᠡᠢ ᠦᠦ ?,ᠶᠠᠭᠤᠨ ᠳᠤ ᠢᠳᠡᠬᠦ ᠦᠭᠡᠢ ᠪᠤᠢ ? ᠢᠳᠡᠬᠦ ᠦᠭᠡᠢ ᠪᠣᠯ ᠥᠯᠪᠡᠷᠴᠦ ᠦᠭᠦᠨ᠎ᠠ᠃
24,ᠲᠠ ᠨᠠᠷ ᠪᠢᠯᠧᠲ᠋ ᠣᠯᠤᠭᠰᠠᠨ ᠤᠤ ?, ᠲᠡᠢᠮᠤ ᠡ ᠂ ᠣᠳᠣ ᠨᠢᠭᠡᠨᠲᠡ ᠭᠠᠯᠲᠤ ᠲᠡᠷᠭᠡᠨ ᠳᠡᠭᠡᠷ᠎ᠡ ᠭᠠᠷᠴᠠᠶ ᠃
25,ᠠᠮᠠᠷᠠᠯᠲᠠ ᠳᠤ ᠬᠠᠷᠢᠵᠤ ᠢᠷᠡᠭᠰᠡᠨ ᠥᠬᠡᠶ ᠤᠤ ?,ᠬᠠᠷᠢᠵᠤ ᠢᠷᠡᠪᠡ᠃
26,ᠴᠢ ᠨᠣᠬᠠᠶ ᠲᠡᠵᠢᠭᠡᠭᠰᠡᠨ ᠦᠦ ?,ᠡᠩ ᠲᠡᠶᠢᠮᠦ᠂ ᠶᠡᠬᠡ ᠬᠦᠭᠡᠷᠦᠬᠦᠨ ᠪᠢᠵᠡ ?
27,ᠵᠣᠭᠣᠰ ᠢ ᠬᠣᠨᠵᠢᠵᠤ ᠪᠠᠶᠢᠭᠠᠳ ᠵᠠᠷᠤᠨ᠎ᠠ ᠰᠢᠳᠠ,ᠲᠡᠶᠢᠮᠦ ᠡ᠂ ᠪᠢ ᠦᠷᠭᠦᠯᠵᠢ ᠢᠩᠭᠢᠵᠦ ᠥᠪᠡᠷ ᠢ ᠪᠡᠨ ᠲᠠᠶᠢᠳᠬᠤᠷᠠᠭᠤᠯᠳᠠᠭ᠃
28,ᠴᠢ ᠶᠠᠭᠤ ᠢᠯᠡᠳᠬᠡᠬᠦ ᠰᠠᠨᠠᠭ᠎ᠠ ᠲᠠᠶ ᠪᠣᠢ,ᠡᠢᠮᠤ ᠣᠷᠣᠢ ᠨᠠᠳᠠ ᠠᠴᠠ ᠶᠠᠭᠤ ᠢᠯᠡᠳᠬᠡᠬᠦ ᠭᠡᠵᠦ ᠠᠰᠠᠭᠤᠭᠠᠳ ᠮᠢᠨᠦ ᠪᠣᠳᠣᠬᠤ ᠪᠠᠷ ᠪᠢ ᠢᠯᠡᠳᠭᠡᠵᠤ ᠲᠡᠢᠯᠡᠬᠦ ᠦᠭᠡᠢ᠃
29,ᠦᠮᠡᠬᠡᠶ ᠰᠢᠪᠲᠦᠷ ᠦᠨ ᠦᠨᠦᠷ ᠢ ᠣᠯᠵᠤ ᠦᠨᠦᠷᠲᠦᠪᠡ ᠦᠦ ?, ᠤᠯᠵᠤ ᠦᠨᠤᠷᠲᠡᠭᠰᠡᠨ ᠦᠭᠡᠢ᠃
30,ᠴᠢ ᠬᠠᠮᠢᠭ᠎ᠠ ᠣᠴᠢᠬᠤ ᠪᠤᠢ?,ᠭᠡᠷ ᠲᠡᠬᠡᠨ ᠬᠠᠷᠢᠨ᠎ᠠ᠃
31,ᠰᠢᠨ᠎ᠡ ᠠᠵᠢᠯ ᠣᠯᠤᠭᠰᠠᠨ ᠤᠤ?,ᠦᠭᠡᠢ᠂ ᠡᠷᠢᠵᠤ ᠪᠠᠢᠨ᠎ᠠ᠃
32,ᠨᠢᠭᠡ ᠠᠶᠠᠭ᠎ᠠ ᠭᠤᠯᠢᠷ ᠢᠳᠡᠨ᠎ᠠ ᠤᠤ ?,ᠨᠢᠭᠡ ᠠᠶᠠᠭ᠎ᠠ ᠢᠳᠡᠬᠦ ᠪᠡᠷ ᠶᠠᠪᠤᠵᠤ ᠪᠣᠯᠤᠨ᠎ᠠ᠂ ᠭᠡᠪᠡᠴᠦ ᠳᠡᠩᠳᠡᠭᠦᠦ ᠬᠣᠯᠠ ᠪᠣᠯᠴᠢᠬᠠᠵᠠᠢ᠃
33,ᠨᠢᠭᠡ ᠬᠡᠰᠡᠭ ᠢᠨᠠᠭ ᠳᠤᠷᠠᠯᠠᠯ ᠳᠠᠭᠤᠰᠪᠠᠯ ᠡᠷᠭᠢᠵᠦ ᠬᠠᠷᠠᠨ᠎ᠠ ᠤᠤ?,ᠶᠠᠭᠤᠨ ᠳᠤ ᠪᠤᠴᠠᠵᠤ ᠬᠠᠷᠠᠬᠤ ᠪᠤᠢ ?
34, ᠭᠢᠲᠠᠳ ᠬᠡᠯᠡ ᠶᠢ ᠶᠠᠭᠠᠬᠢᠵᠤ ᠰᠤᠷᠬᠤ ᠪᠤᠶ？, ᠤᠷᠴᠢᠨ ᠲᠤᠭᠤᠷᠢᠨ ᠴᠢᠨᠢ ᠶᠡᠬᠡ ᠴᠢᠬᠤᠯᠠ᠃
35, ᠬᠡᠲᠤ ᠡᠴᠡᠩᠬᠡᠢ ᠪᠤᠯᠪᠠᠯ ᠯᠠᠪᠳᠠᠭᠤᠨ ᠵᠣᠭᠰᠣᠵᠤ ᠲᠡᠢᠯᠤᠨ᠎ᠠ ᠤᠤ ?,ᠬᠠᠰᠢ ᠯᠠ ᠮᠠᠰᠢ ᠯᠠᠪᠳᠠᠭᠤᠨ ᠪᠠᠶᠢᠨ᠎ᠠ᠃
36,ᠪᠠᠶᠠᠷᠯᠠᠵᠤ ᠪᠠᠶᠢᠨ᠎ᠠ ᠤᠤ ?,ᠡᠩ ᠁ ᠲᠡᠢ᠌ᠮᠦ ᠪᠠᠶᠠᠷᠲᠠᠶ ᠪᠢᠰᠢ ᠃
37,ᠥᠪᠡᠷ ᠦᠨ ᠶᠠᠭᠤ ᠬᠡᠯᠡᠵᠦ ᠪᠠᠶᠢᠬᠤ ᠪᠠᠨ ᠥᠪᠡᠷ ᠢᠶᠡᠨ ᠣᠶᠢᠯᠠᠭᠠᠭᠰᠠᠨ ᠤᠤ︖,ᠴᠢ ᠣᠶᠢᠯᠠᠭᠠᠭᠰᠠᠨ ᠦᠭᠡᠢ ᠪᠢᠵᠡ︖
38,ᠳᠠᠷᠠᠭ᠎ᠠ ᠭᠠᠷᠠᠭ ᠴᠢ ᠬᠢᠴᠢᠶᠡᠯ ᠣᠷᠣᠨ᠎ᠠ ᠤᠤ ?, ᠤᠷᠤᠨ᠎ᠠ᠂ ᠵᠢᠭᠠᠬᠠᠨ ᠶᠠᠭᠠᠷᠤᠤ ᠪᠤᠯᠬᠤ ᠮᠠᠭᠠᠳ᠃
39,ᠲᠡᠭᠦᠰᠬᠡᠭᠰᠡᠨ ᠦᠦ ?,ᠪᠠᠷᠤᠭ ᠲᠡᠭᠦᠰᠤᠭᠰᠡᠨ ᠭᠡᠵᠤ ᠬᠡᠯᠡᠵᠤ ᠪᠤᠯᠤᠨ᠎ᠠ᠂ ᠭᠠᠭᠴᠠ ᠲᠠᠭᠦᠰᠭᠦ ᠦᠨᠡᠮᠯᠡᠯ ᠲᠤᠲᠠᠵᠤ ᠪᠠᠢᠨ᠎ᠠ᠃
40,ᠶᠠᠭᠠᠬᠢᠪᠠᠯ ᠰᠠᠶᠢ ᠴᠢᠮ᠎ᠠ ᠶᠢ ᠬᠥᠭᠡᠭᠡᠵᠦ ᠭᠦᠢᠴᠡᠬᠦ ᠪᠤᠢ ?,ᠵᠣᠭᠣᠰ ᠲᠠᠶ᠂ ᠴᠢᠷᠠᠶ ᠲᠠᠶ᠂ ᠴᠢᠳᠠᠪᠤᠷᠢ ᠲᠠᠶ᠃
41,ᠣᠷᠴᠢᠮ ᠳᠤ ᠰᠢᠰᠲ᠋ᠧᠮ ᠲᠡᠶ ᠬᠡᠯᠡ ᠶᠢ ᠰᠣᠯᠢᠭᠰᠠᠨ ᠤᠤ ?, ᠡᠮᠤᠨ᠎ᠠ ᠬᠡᠳᠤᠨ ᠡᠳᠤᠷ ᠰᠤᠯᠢᠵᠤ ᠦᠩᠭᠡᠷᠡᠪᠡ᠃
42, ᠲᠠ ᠨᠠᠷ ᠭᠠᠳᠠᠭᠰᠢ ᠭᠠᠷᠬᠤ ᠠᠴᠠ ᠪᠠᠨ ᠡᠮᠦᠨ᠎ᠡ ᠬᠠᠮᠲᠤ ᠬᠤᠪᠴᠠᠰᠤ ᠪᠠᠨ ᠲᠢᠭ᠍ᠯᠡᠪᠡ ᠦᠦ ?,ᠡᠮᠦᠰᠬᠦ ᠭᠡᠵᠤ ᠪᠠᠢᠭ᠎ᠠ ᠬᠤᠪᠴᠠᠰᠤ ᠪᠠᠨ ᠲᠠᠭᠠᠷᠠᠭᠤᠯᠪᠠ ᠃
43,ᠪᠤᠷᠴᠠᠭ ᠤᠨ ᠤᠭᠤᠷᠠᠭ ᠠᠮᠲᠠᠲᠠᠶ ᠤᠤ ? ,ᠠᠮᠲᠠᠲᠠᠢ ᠂ ᠰᠠᠢᠬᠠᠨ ᠰᠢᠬᠢᠷᠯᠢᠭ ᠪᠠᠢᠨ᠎ᠠ᠃
44,ᠥᠨᠥᠳᠦᠷ ᠶᠠᠭᠤᠨ ᠳᠤ ᠶᠠᠭᠠᠷᠠᠬᠤ ᠭᠡᠵᠦ ᠪᠠᠶᠢᠬᠤ ᠪᠤᠢ ?, ᠠᠵᠢᠯ ᠡᠴᠡ ᠦᠭᠡᠷ᠎ᠡ ᠶᠠᠭᠤ ᠶᠠᠭᠠᠷᠢᠬᠤ ᠪᠤᠢ ?
45,ᠪᠢᠯᠧᠲ᠋ ᠵᠠᠬᠢᠶᠠᠯᠠᠭᠰᠠᠨ ᠤᠤ ?,ᠡᠬᠢᠯᠡᠭᠡ ᠦᠭᠡᠢ ᠪᠠᠶᠢᠭᠰᠠᠭᠠᠷ᠃
46,ᠡᠮᠡᠭᠲᠡᠢ ᠰᠤᠷᠤᠭᠴᠢ ᠴᠤᠬᠤᠮ ᠶᠠᠭᠤ ᠪᠣᠳᠣᠵᠤ ᠪᠠᠶᠢᠬᠤ ᠪᠣᠢ ?,ᠪᠢ ᠣᠢ᠌ᠯᠠᠭᠠᠵᠤ ᠮᠡᠳᠡᠪᠡᠯ ᠭᠠᠭᠴᠠ ᠪᠡᠶ᠎ᠡ ᠪᠤᠯᠬᠤ ᠦᠭᠡᠢ᠃
47,ᠥᠨᠥᠳᠦᠷ ᠪᠣᠯᠵᠣᠨ᠎ᠠ ᠤᠤ ? , ᠪᠤᠯᠵᠤᠬᠤ ᠦᠭᠡᠢ᠂ ᠪᠠᠰᠠ ᠦᠭᠡᠷ᠎ᠡ ᠤᠴᠢᠷ ᠲᠠᠢ᠃
48,ᠡᠢᠮᠤ ᠶᠡᠬᠡ ᠴᠠᠰᠤᠨ ᠳᠤ ᠴᠢ ᠴᠠᠰᠤᠨ ᠬᠥᠮᠦᠨ ᠣᠪᠣᠭᠠᠯᠠᠬᠤ ᠪᠠᠷ ᠶᠠᠪᠤᠭᠰᠠᠨ ᠤᠤ ? ,ᠨᠢᠭᠡᠳᠦᠭᠡᠷ ᠤᠳᠠᠭ᠎ᠠ ᠴᠠᠰᠤ ᠣᠷᠣᠵᠤ ᠨᠠᠭᠠᠳᠬᠤ ᠪᠠᠷ ᠭᠠᠷᠪᠠ᠂ ᠡᠨᠡ ᠤᠳᠠᠭ᠎ᠠ ᠣᠴᠢᠭᠰᠠᠨ ᠦᠭᠡᠢ᠃
49, ᠠᠵᠢᠯ ᠡᠴᠡ ᠲᠤᠲᠠᠭᠠᠬᠤ ᠪᠠᠷ ᠪᠡᠯᠡᠳᠬᠡᠵᠦ ᠪᠠᠶᠢᠨ᠎ᠠ ᠤᠤ ?,ᠣᠷᠣᠢ ᠣᠴᠢᠬᠤ ᠪᠠᠷ ᠪᠡᠯᠡᠳᠬᠡᠵᠦ ᠪᠠᠶᠢᠨ᠎ᠠ᠃
50,ᠨᠠᠳᠠ ᠳᠤ ᠠᠷᠢᠬᠢ ᠪᠠᠶᠢᠨ᠎ᠠ᠂ ᠴᠢᠮ᠎ᠠ ᠳᠤ ᠦᠯᠢᠭᠡᠷ ᠪᠠᠶᠢᠨ᠎ᠠ ᠤᠤ ?, ᠪᠠᠢᠨ᠎ᠠ ᠰᠢᠤ᠂ ᠨᠡᠢᠯᠡᠵᠤ ᠠᠷᠢᠬᠢ ᠤᠤᠭᠤᠨ᠎ᠠ ᠤᠤ ?
51,ᠡᠨᠡ ᠶᠠᠭᠤᠮ᠎ᠠ ᠠᠮᠲᠠᠲᠠᠢ ᠤᠤ︖,ᠮᠠᠰᠢ ᠠᠮᠲᠠᠲᠠᠢ ᠪᠠᠢᠨ᠎ᠠ᠃
52,ᠲᠠᠨ ᠤ ᠭᠡᠷ ᠢᠶᠡᠷ ᠢᠶᠡᠨ ᠶᠠᠭᠠᠬᠢᠵᠤ ᠬᠤᠭᠤᠷᠤᠨᠲᠤ ᠪᠡᠨ ᠶᠠᠷᠢᠯᠴᠠᠵᠤ ᠪᠠᠶᠢᠬᠤ ᠪᠤᠢ︖,ᠡᠨᠡ ᠠᠰᠠᠭᠤᠯᠲᠠ ᠶᠢ ᠰᠠᠶᠢᠨ ᠠᠰᠠᠭᠤᠵᠠᠢ᠃
53,ᠤᠮᠠᠷᠠᠲᠤ ᠣᠷᠣᠨ ᠨᠢᠭᠡᠨᠲᠡ ᠨᠠᠮᠤᠷ ᠲᠠᠭᠠᠨ ᠤᠷᠤᠭᠰᠠᠨ ᠤᠤ ?,ᠲᠡᠶᠢᠮᠦ ᠡ᠂ ᠰᠢᠷᠭᠠᠯ ᠨᠠᠮᠤᠷ ᠪᠤᠯᠪᠠ᠃
54,ᠡᠨᠡ ᠪᠣᠯ ᠳᠠᠷᠤᠶ ᠴᠢᠨᠦ ᠥᠨᠥᠳᠦᠷ ᠦᠨ ᠡᠷᠲᠡ ᠭᠡᠷ ᠲᠡᠬᠡᠨ ᠬᠠᠷᠢᠭᠰᠠᠨ ᠤ ᠵᠣᠷᠢᠯᠭ᠎ᠠ ᠤᠤ ?, ᠪᠢ ᠭᠡᠷ ᠲᠡᠬᠡᠨ ᠬᠦᠷᠦᠭᠡᠳ ᠰᠠᠶᠢ ᠮᠡᠳᠡᠵᠡᠢ!
55,ᠴᠢ ᠰᠤᠷᠭᠠᠭᠤᠯᠢ ᠳᠠᠭᠠᠨ ᠬᠠᠷᠢᠬᠤ ᠭᠡᠵᠦ ᠪᠠᠢᠨ᠎ᠠ ᠤᠤ ?, ᠴᠢ ᠪᠠᠰᠠ ᠬᠠᠷᠢᠭᠠᠳᠤᠶ ᠪᠠᠷ ᠪᠢ ᠨᠢᠭᠡᠨᠲᠡ ᠬᠠᠷᠢᠵᠤ ᠢᠷᠡᠪᠡ᠃
56,ᠪᠢ ᠣᠴᠢᠵᠤ ᠴᠢᠮ᠎ᠠ ᠳᠤ ᠬᠠᠨᠢ ᠪᠣᠯᠬᠤ ᠤᠤ ?,ᠪᠢ ᠥᠭᠡᠷ᠎ᠡ ᠬᠥᠮᠦᠨ ᠳᠦ ᠬᠠᠨᠢ ᠪᠣᠯᠤᠨ᠎ᠠ᠃
57,ᠠᠰᠠᠷ ᠠᠴᠠ ᠬᠠᠷᠠᠶᠢᠬᠤ ᠮᠠᠰᠢᠨ ᠴᠢᠮ᠎ᠠ ᠶᠢ ᠵᠢᠷᠦᠬᠡ ᠴᠣᠬᠢᠯᠠᠭᠤᠯᠤᠭᠰᠠᠨ ᠤᠤ ?,ᠵᠢᠷᠦᠬᠡ ᠪᠦᠷ ᠭᠡᠲᠤ ᠬᠤᠷᠳᠤᠨ ᠲᠦᠭᠰᠢᠪᠡ᠃
58,ᠬᠥᠯ ᠴᠢᠨᠢ ᠮᠠᠰᠢ ᠨᠠᠷᠢᠨ ᠪᠢᠠᠨ᠎ᠠ ᠪᠣᠯᠤᠨ᠎ᠠ ᠤᠤ ?,ᠲᠡᠢᠮᠤ ᠨᠠᠷᠢᠨ ᠪᠢᠰᠢ ᠃
59,ᠲᠠᠷᠭᠤᠯᠠᠬᠤ ᠪᠠ ᠦᠬᠦᠬᠦ ᠶᠢ ᠬᠡᠷᠬᠢᠨ ᠰᠣᠩᠭᠣᠬᠤ ᠪᠤᠢ ?,ᠲᠠᠷᠭᠤᠯᠠᠬᠤ ᠶᠢ ᠡᠷᠡᠰ ᠰᠣᠩᠭᠣᠨ᠎ᠠ!
60, ᠨᠣᠬᠠᠶ ᠰᠣᠯᠢᠴᠢᠬᠠᠪᠠ ᠤᠤ ? , ᠢᠯᠡᠭᠦᠦ ᠨᠢᠭᠡ ᠨᠤᠬᠠᠢ ᠲᠡᠵᠢᠭᠡᠵᠤ ᠠᠪᠤᠪᠠ᠃
61,ᠬᠠᠭᠠᠰ ᠰᠥᠨᠢ ᠳᠤᠭᠤᠶ ᠤᠨᠤᠵᠤ ᠪᠠᠢᠨ᠎ᠠ ᠤᠤ ?, ᠢᠩᠭᠢᠪᠡᠯ ᠰᠠᠶᠢ ᠰᠠᠢᠬᠠᠨ ᠪᠢᠰᠢ ᠤᠤ?
62,ᠮᠠᠷᠭᠠᠰᠢ ᠰᠢᠯᠭᠠᠨ᠎ᠠ ᠤᠤ ?,ᠲᠠᠭᠠᠷᠠᠨ᠎ᠠ᠂ ᠰᠠᠢᠨ ᠪᠡᠯᠡᠳᠬᠡ᠃
63,ᠭᠡᠷ ᠴᠢᠨᠢ ᠦᠦ ? ᠴᠠᠰᠤ ᠣᠷᠣᠴᠢᠬᠠᠪᠠ ᠤᠤ ?, ᠲᠡᠢᠮᠤ ᠡ᠂ ᠴᠠᠰᠤ ᠣᠷᠣᠴᠢᠬᠠᠯ᠎ᠠ᠃
64,ᠴᠢ ᠲᠤᠷᠠᠭᠰᠠᠨ ᠤᠤ ?,ᠶᠡᠷᠦ ᠡᠴᠡ ᠮᠠᠷᠢᠶᠠᠯᠠᠵᠤ ᠥᠩᠭᠡᠷᠡᠭᠰᠡᠨ ᠦᠭᠡᠢ᠃
65,ᠬᠡᠵᠢᠶ᠎ᠡ ᠰᠠᠯᠬᠤ ᠪᠤᠢ ?,ᠪᠢᠲᠡᠭᠡᠢ ᠨᠠᠳᠠ ᠶᠢ ᠲᠩᠷᠢ ᠡᠴᠡ ᠵᠠᠶᠠᠭᠠᠭᠰᠠᠨ ᠨᠢᠭᠡ ᠬᠣᠣᠰ ᠭᠡᠵᠦ ᠪᠣᠳᠣᠭᠠᠷᠠᠢ
66,ᠶᠠᠮᠠᠷ ᠭᠠᠵᠠᠷ ᠬᠥᠳᠡᠯᠭᠡᠭᠡᠨ ᠬᠢᠬᠦ ᠳᠦ ᠲᠣᠬᠢᠷᠠᠮᠵᠢᠲᠠᠶ ᠪᠤᠢ ?,ᠮᠠᠨ ᠤ ᠭᠡᠷ ᠦᠨ ᠣᠶᠢᠷᠠᠯᠴᠠᠬᠢ ᠲᠠᠮᠢᠷ ᠤᠨ ᠲᠠᠯᠠᠪᠠᠢ ᠲᠤᠬᠢᠷᠠᠮᠵᠢᠲᠠᠢ᠃
67,ᠡᠨᠡ ᠴᠢᠷᠦᠭᠦᠯ ᠱᠠᠬᠠᠶ ᠬᠠᠯᠠᠭᠤᠨ ᠪᠢᠰᠢ ᠦᠦ ?,ᠰᠠᠢᠬᠠᠨ ᠰᠡᠷᠢᠭᠦᠨ ᠪᠠᠢᠨ᠎ᠠ᠃
68,ᠪᠢ ᠪᠠᠰᠠ ᠭᠠᠷ ᠪᠣᠭᠴᠣ ᠠᠪᠬᠤ ᠰᠠᠨᠠᠭ᠎ᠠ ᠲᠠᠶ᠂ ᠨᠠᠳᠠ ᠳᠤ ᠬᠦᠷᠭᠡᠵᠦ ᠪᠣᠯᠤᠨ᠎ᠠ ᠤᠤ ?,ᠪᠣᠯᠤᠯ ᠦᠭᠡᠢ ᠶᠠᠭᠠᠬᠢᠬᠤᠪ! ᠰᠦᠯᠵᠢᠶᠡᠨ ᠳᠡᠬᠢ ᠳᠡᠯᠭᠡᠭᠦᠷ ᠡᠴᠡ ᠬᠤᠳᠠᠯᠳᠤᠨ ᠠᠪᠤᠭᠠᠳ ᠲᠣᠭ᠎ᠠ ᠳᠦᠭᠦᠷᠪᠡᠯ ᠳᠠᠷᠤᠢ ᠬᠦᠷᠭᠡᠵᠦ ᠥᠭᠭᠦᠨ᠎ᠡ᠃
69,ᠴᠢ ᠭᠡᠷ ᠲᠦ ᠪᠡᠨ ᠬᠠᠷᠢᠭᠰᠠᠨ ᠤᠤ ?,ᠵᠦᠢᠲᠡᠶ! ᠨᠢᠭᠡ ᠤᠳᠠᠭ᠎ᠠ ᠬᠠᠷᠢᠬᠤ ᠳᠤ ᠠᠮᠠᠷ ᠦᠭᠡᠢ
70,ᠳᠥᠷᠪᠡᠳᠦᠭᠡᠷ ᠢᠵᠢ ᠨᠢ ᠬᠡᠳᠦᠶ ᠵᠣᠭᠣᠰ ᠪᠤᠢ? ᠲᠦᠷᠢᠶᠡᠰᠦᠯᠡᠬᠦ ᠶᠤᠮ ᠤᠤ ? ᠬᠤᠳᠠᠯᠳᠤᠨ ᠠᠪᠬᠤ ᠶᠤᠮ ᠤᠤ?,ᠰᠠᠢᠨ ᠪᠠᠢᠨ᠎ᠠ ᠤᠤ ? ᠪᠦᠷ ᠪᠣᠯᠤᠨ᠎ᠠ᠃
71,ᠨᠢᠭᠡ ᠵᠢᠯ ᠢᠶᠡᠷ ᠵᠣᠭᠰᠣᠬᠤ ᠦᠭᠡᠢ᠂ ᠴᠢ ᠡᠳᠦᠷ ᠡᠳᠦᠷ ᠨᠠᠭᠠᠳᠴᠤ ᠪᠠᠶᠢᠬᠤ ᠪᠢᠰᠢ ᠦᠦ ?,ᠴᠢ ᠨᠠᠮ᠎ᠠ ᠶᠢ ᠣᠶᠢᠯᠠᠭᠠᠨ᠎ᠠ᠃
72,ᠡᠨᠡ ᠬᠤᠪᠴᠠᠰᠤ ᠶᠢ ᠦᠳᠡ ᠶᠢᠨ ᠬᠤᠢᠨ᠎ᠠ ᠠᠪᠤᠭᠰᠠᠨ ᠤᠤ?,ᠪᠢᠰᠢ ᠡ᠂ ᠡᠷᠲᠡ ᠪᠡᠯᠡᠳᠬᠡᠯ ᠲᠡᠶ ᠪᠠᠶᠢᠭᠰᠠᠨ᠃
73,ᠴᠢᠨᠦ ᠠᠩᠬᠠᠨ ᠤ ᠬᠣᠭᠣᠯᠠ ᠴᠢᠨᠢ ᠨᠡᠯᠢᠶᠡᠳ ᠡᠯᠪᠡᠭ ᠪᠠᠢᠨ᠎ᠠ ᠰᠢᠳᠡ᠃,ᠬᠥᠮᠦᠨ ᠦ ᠵᠠᠯᠠᠭᠰᠠᠨ ᠂ ᠡᠨᠳᠡᠬᠢ ᠰᠠᠮ ᠮᠠᠰᠢ ᠬᠢᠮᠳᠠ ᠪᠠᠢᠨ᠎ᠠ᠃
74,ᠲᠠ ᠬᠣᠶᠠᠷ ᠡᠨᠡ ᠱᠠᠬᠠᠢ ᠶᠢ ᠡᠮᠦᠰᠬᠦ ᠳᠦ ᠭᠦᠶᠦᠬᠦ ᠪᠡᠷ ᠪᠡᠯᠡᠳᠬᠡᠵᠦ ᠪᠠᠶᠢᠨ᠎ᠠ ᠤᠤ ?,ᠠᠯᠬᠤᠯᠠᠬᠤ ᠪᠡᠷ ᠶᠠᠪᠤᠨ᠎ᠠ ᠭᠡᠵᠤ ᠪᠠᠢᠨ᠎ᠠ᠃
75,ᠬᠡᠷᠪᠡ ᠪᠣᠷᠣᠭᠠᠨ ᠣᠷᠣᠪᠠᠯ ᠨᠢᠭᠡ ᠡᠳᠦᠷ ᠣᠷᠣᠨ᠎ᠠ ᠤᠤ ?, ᠲᠡᠭᠡᠬᠦ ᠦᠭᠡᠢ ᠪᠠᠢᠬ᠎ᠠ᠃
76,ᠴᠢ ᠪᠠᠰᠠ ᠴᠢᠩᠳᠣᠤ ᠳᠤ ᠣᠴᠢᠨ᠎ᠠ ᠤᠤ?, ᠲᠡᠢᠮᠤ᠂ ᠨᠢᠭᠡᠨᠲᠡ ᠴᠢᠩᠳᠤᠤ ᠳᠤ ᠬᠦᠷᠦᠭᠡᠳ ᠢᠷᠡᠴᠢᠬᠡᠵᠡᠶ ᠃
77,ᠴᠢ ᠹᠦᠵᠧᠦ ᠳᠦ ᠬᠠᠷᠢᠬᠤ ᠭᠡᠵᠦ ᠪᠠᠢᠭ᠎ᠠ ᠤᠤ ?,ᠵᠥᠪ ᠳᠠᠭᠠᠵᠠᠢ!
78,ᠰᠢᠨ᠎ᠡ ᠭᠡᠷ ᠲᠦ ᠨᠡᠭᠦᠵᠦ ᠣᠷᠣᠭᠰᠠᠨ ᠤᠤ ?,ᠡᠩ ᠡᠩ᠂ ᠦᠴᠦᠭᠡᠲᠦᠷ ᠡᠴᠡ ᠡᠬᠢᠯᠡᠵᠤ ᠡᠬᠢᠯᠡᠭᠡᠳ ᠰᠠᠭᠤᠪᠠ᠃
79,ᠴᠢ ᠭᠡᠷ ᠲᠡᠬᠡᠨ ᠬᠠᠷᠢᠪᠠ ᠤᠤ ?,ᠭᠡᠷ ᠲᠡᠬᠡᠨ ᠬᠠᠷᠢᠪᠠ᠃
80,ᠯᠠᠨᠵᠧᠦ ᠰᠠᠶᠢᠬᠠᠨ ᠪᠠᠢᠨ᠎ᠠ ᠤᠤ ? ,ᠴᠢ ᠢᠷᠡᠵᠤ ᠲᠤᠭᠤᠷᠢᠵᠤ ᠦᠵᠡ᠃
81,ᠪᠢ ᠪᠠᠰᠠ ᠴᠢᠮ᠎ᠠ ᠶᠢ ᠮᠠᠰᠢ ᠰᠦᠷ ᠵᠢᠪᠬᠤᠭ᠎ᠠ ᠲᠠᠶ ᠭᠡᠵᠦ ᠪᠣᠳᠤᠵᠤ ᠪᠠᠶᠢᠨ᠎ᠠ᠂ ᠪᠢ ᠴᠢᠮ᠎ᠠ ᠲᠠᠶ ᠨᠠᠶᠢᠵᠠ ᠪᠣᠯᠤᠯᠴᠠᠵᠤ ᠪᠣᠯᠤᠨ᠎ᠠ ᠤᠤ ?,ᠪᠢ ᠴᠢᠮ᠎ᠠ ᠲᠠᠶ ᠵᠥᠪᠬᠡᠨ ᠨᠠᠶᠢᠵᠠ ᠪᠣᠯᠤᠭᠰᠠᠨ ᠳᠠᠭᠠᠨ ᠰᠡᠳᠬᠢᠯ ᠬᠠᠩᠬᠤ ᠦᠭᠡᠢ ᠪᠠᠢᠨ᠎ᠠ᠃
82,ᠴᠢ ᠬᠠᠮᠢᠭ᠎ᠠ ᠶᠠᠪᠤᠭᠰᠠᠨ ᠪᠤᠢ ?,ᠭᠡᠷ ᠲᠡᠬᠡᠨ ᠬᠠᠷᠢᠪᠠ᠃
83,ᠲᠠ ᠨᠠᠷ ᠤᠨ ᠳᠡᠭᠡᠷ᠎ᠡ ᠨᠢᠭᠡ ᠬᠡᠰᠡᠭ ᠬᠠᠶᠢᠷ᠎ᠠ ᠰᠡᠳᠬᠢᠯᠭᠡ ᠶᠠᠭᠤᠨ ᠤ ᠤᠴᠢᠷ ᠠᠴᠠ ᠳᠠᠭᠤᠰᠤᠭᠰᠠᠨ ᠪᠤᠢ ?,ᠳᠤᠷ᠎ᠠ ᠵᠣᠷᠢᠭ ᠢᠶᠠᠷ ᠢᠶᠠᠨ ᠠᠭᠠᠰᠢᠯᠠᠭᠰᠠᠨ ᠡᠴᠡ ᠲᠠᠭᠤᠰᠤᠭᠰᠠᠨ᠃
84,ᠲᠠ ᠨᠠᠷ ᠤᠨ ᠵᠠᠩ ᠠᠭᠠᠰᠢ ᠮᠠᠭᠤ ᠶᠠᠭᠤᠨ ᠳᠤ ᠪᠣᠢ ?,ᠳᠠᠷᠤᠭᠠᠰᠤ ᠲᠠᠶ ᠤᠳᠠᠭᠰᠠᠨ ᠠᠴᠠ ᠠᠭᠤᠷ ᠢᠶᠠᠨ ᠭᠠᠷᠭᠠᠬᠤ ᠰᠠᠨᠠᠭ᠎ᠠ ᠲᠠᠶ ᠃
85,ᠬᠠᠨᠴᠤᠶ ᠨᠢ ᠳᠡᠩᠳᠡᠭᠦᠦ ᠤᠷᠲᠤ ᠪᠣᠯᠤᠭᠰᠠᠨ ᠤᠤ ?,ᠳᠡᠮᠡᠢ ᠤᠷᠲᠤ ᠪᠢᠰᠢ ᠪᠠᠶᠢᠭᠰᠠᠨ ᠳᠠᠭᠠᠨ ᠪᠣᠯᠵᠠᠢ᠃
86,ᠪᠢᠳᠡ ᠢᠷᠡᠭᠡᠳᠦᠢ ᠲᠡᠶ ᠪᠠᠶᠢᠵᠤ ᠪᠣᠯᠤᠨ᠎ᠠ ᠤᠤ ?,ᠪᠣᠯᠤᠯ ᠦᠭᠡᠢ ᠶᠠᠭᠠᠬᠢᠬᠤᠪ᠃
87,ᠵᠢᠭᠤᠯᠴᠢᠯᠠᠬᠤ ᠪᠠᠷ ᠶᠠᠪᠤᠭᠰᠠᠨ ᠤᠤ ?,ᠵᠣᠭᠣᠰ ᠲᠠᠶ ᠬᠥᠮᠦᠨ ᠭᠠᠳᠠᠭᠠᠳᠤ ᠳᠤ ᠭᠠᠷᠴᠤ ᠵᠤᠭᠠᠴᠠᠨ᠎ᠠ᠃
88,ᠮᠤᠤᠷ ᠲᠤ ᠳᠤᠷᠠᠲᠠᠶ ᠤᠤ ?,ᠨᠣᠬᠠᠢ ᠳᠤ ᠨᠡᠩ ᠳᠤᠷᠠᠲᠠᠢ᠃
89,ᠡᠯᠡᠰᠦᠨ ᠳᠤ ᠣᠴᠢᠨ᠎ᠠ ᠤᠤ ?,ᠲᠠᠭᠠᠷᠠᠨ᠎ᠠ᠂ ᠵᠤᠭᠠᠴᠠᠬᠤ ᠪᠠᠷ ᠶᠠᠪᠤᠨ᠎ᠠ᠃
90,ᠶᠠᠭᠤᠨ ᠳᠤ ᠱᠠᠬᠠᠶ ᠳᠤ ᠲᠡᠢᠮᠤ ᠳᠤᠷᠠᠲᠠᠶ ᠪᠤᠢ ?,ᠱᠠᠬᠠᠶ ᠳᠤ ᠰᠢᠨᠤᠯ ᠲᠠᠶ ᠪᠠᠢᠬ᠎ᠠ᠃
91,ᠨᠢᠭᠡ ᠰᠠᠷ᠎ᠠ ᠨᠢᠭᠡ ᠡᠳᠦᠷ ᠦᠨ ᠡᠭᠡᠴᠢ ᠳᠡᠭᠦᠦ ᠪᠡᠨ ᠡᠷᠢᠵᠦ ᠣᠯᠤᠭᠰᠠᠨ ᠤᠤ ?,ᠮᠢᠨᠦ ᠪᠤᠳᠤᠬᠤ ᠪᠡᠷ ᠮᠠᠰᠢ ᠪᠠᠭ᠎ᠠ ᠪᠠᠢᠬ᠎ᠠ᠃
92,ᠰᠢᠨ᠎ᠡ ᠵᠢᠯ ᠰᠠᠶᠢᠨ ᠪᠠᠶᠢᠨ᠎ᠠ ᠤᠤ᠂ ᠰᠢᠨ᠎ᠡ ᠬᠤᠪᠴᠠᠰᠤ ᠶᠢ ᠣᠷᠣ ᠶᠢᠨ ᠲᠣᠯᠣᠭᠠᠢ ᠳᠤ ᠲᠠᠯᠪᠢᠭᠠᠳ ᠡᠮᠦᠰᠬᠦ ᠪᠡᠷ ᠬᠦᠯᠢᠶᠡᠵᠦ ᠪᠠᠶᠢᠨ᠎ᠠ ᠤᠤ︖, ᠰᠢᠨ᠎ᠡ ᠵᠢᠯ ᠰᠠᠢᠨ᠂ ᠨᠢᠭᠡᠨᠲᠡ ᠪᠡᠯᠡᠳᠭᠡᠪᠡ᠃
93,ᠨᠠᠳᠠ ᠶᠢ ᠬᠦᠷᠭᠡᠨ᠎ᠡ ᠦᠦ,ᠵᠥᠪᠬᠡᠨ ᠠᠵᠠ ᠬᠡᠢᠮᠤᠷᠢ ᠲᠠᠢ ᠪᠠᠶᠢᠬᠤ ᠶᠢ ᠴᠢᠨᠢ ᠢᠷᠥᠭᠡᠶ᠎ᠡ᠂ ᠬᠠ ᠬᠠ᠃
94,ᠰᠢᠨ᠎ᠡ ᠠᠵᠢᠯ ᠰᠣᠯᠢᠭᠰᠠᠨ ᠤᠤ ?,ᠲᠡᠢᠮᠤ ᠡ᠂ ᠬᠠᠭᠤᠴᠢᠨ ᠠᠵᠢᠯ ᠪᠡᠨ ᠲᠤᠭᠤᠬᠤ ᠦᠭᠡᠢ ᠪᠤᠯᠪᠠ᠃
95,ᠡᠨᠡ ᠡᠳᠦᠷ ᠪᠠᠰᠠ ᠪᠡᠶ᠎ᠡ ᠪᠡᠨ ᠪᠣᠯᠪᠠᠰᠤᠷᠠᠭᠤᠯᠬᠤ ᠪᠠᠷ ᠭᠠᠷᠴᠤ ᠪᠠᠶᠢᠭ᠎ᠠ ᠂ ᠲᠠᠨᠤᠰ ᠦᠨᠡᠬᠡᠷ ᠨᠠᠳᠠ ᠢ ᠮᠠᠭᠲᠠᠬᠤ ᠶᠢ ᠪᠣᠳᠣᠯᠬᠢᠯᠠᠬᠤ ᠦᠭᠡᠢ ᠦᠦ ?,ᠴᠢ ᠮᠠᠰᠢ ᠰᠠᠶᠢᠨ᠃
96,ᠨᠢᠭᠡ ᠡᠳᠦᠷ ᠬᠡᠳᠦᠶ ᠶᠠᠭᠤᠮ᠎ᠠ ᠢᠳᠡᠬᠦ ᠪᠤᠢ ?,ᠭᠡᠷ ᠲᠦ ᠮᠠᠰᠢ ᠣᠯᠠᠨ ᠨᠣᠭᠣᠭ᠎ᠠ ᠲᠠᠷᠢᠵᠠᠢ᠂ ᠲᠡᠷᠡ ᠢᠳᠡᠬᠦ ᠳᠤᠷᠠᠲᠠᠢ ᠪᠣᠯ ᠢᠳᠡᠵᠦ᠂ ᠢᠳᠡᠬᠦ ᠳᠤᠷ᠎ᠠ ᠦᠭᠡᠢ ᠪᠣᠯ ᠢᠳᠡᠭᠦᠯᠬᠦ ᠦᠭᠡᠢ
97,ᠪᠢ ᠶᠠᠭᠤᠨ ᠠᠴᠠ ᠬᠣᠴᠣᠷᠪᠠ ?,ᠨᠢᠭᠡ ᠬᠡᠰᠡᠭ ᠤᠷᠤᠭ ᠤᠨ ᠪᠠᠷᠢᠯᠳᠤᠯᠭ᠎ᠠ᠃
98,ᠴᠢ ᠬᠥᠮᠦᠨ ᠢ ᠦᠵᠡᠬᠦ ᠳᠦ ᠪᠠᠰᠠ ᠨᠢᠳᠦᠨ ᠦ ᠢᠷᠮᠡᠭ ᠢ ᠦᠵᠡᠨ᠎ᠡ ᠦᠦ ?,ᠵᠦᠭᠡᠷ ᠡ᠂ ᠶᠠᠷᠢᠯᠴᠠᠭᠠᠨ ᠤ ᠠᠭᠤᠯᠭ᠎ᠠ ᠶᠢ ᠨᠡᠩ ᠢᠯᠡᠭᠦᠦ ᠦᠵᠡᠨ᠎ᠡ᠃
99,ᠮᠢᠨᠲᠤᠤᠷ ᠢᠳᠡᠵᠦ ᠥᠩᠭᠡᠷᠡᠭᠰᠡᠨ ᠦᠦ ?,ᠨᠡᠭᠠᠳᠦᠮ ᠬᠢᠵᠤ ᠪᠠᠢᠭ᠎ᠠ ᠪᠢᠰᠢ ᠦᠦ︖
